First Name,Last Name,Email,Phone,Address,City,State,Zip,Visit Date,Service,Adults,Kids,How Heard,Interested In
Daniel,Baker,daniel.baker29@example.net,812-555-0108,8565 Pine Ave,Louisville,KY,40258,2026-09-20,6:00 PM,1,3,Other,Serving
Sarah,Wilson,sarah690@example.net,,1913 Willow Ct,Jeffersontown,KY,40267,2026-09-20,9:00 AM,2,0,Social media,Membership
Patricia,Hill,  patricia.hill51@example.net ,859-555-0142,2365 Walnut Ave,Jeffersonville,IN,47195,2026-09-06,10:30 AM,2,2,Online search,Kids ministry
Kevin,Campbell,kevin.campbell65@example.org,,1937 Chestnut Way,Jeffersonville,IN,47198,2026-09-20,9:00 AM,2,1,,Membership
Sarah,Robinson,sarah.robinson69@example.net,812-555-0195,9753 Poplar Ave,St. Matthews,KY,40252,2026-09-20,6:00 PM,2,0,Social media,Student ministry
Marcus,Walker,marcus.walker79@example.com,502-555-0192,1012 Hickory Ln,Jeffersontown,KY,40262,2026-09-06,6:00 PM,2,1,Online search,
Marcus,Johnson,,859-555-0118,9473 Poplar Ln,Jeffersontown,KY,40287,2026-09-27,9:00 AM,1,0,Website,Small groups
Karen,Martin,karen.martin41@example.com,,8228 Elm Ave,New Albany,IN,47133,2026-09-06,10:30 AM,2,2,Online search,
Barbara,Moore,barbara.moore7@example.org,859-555-0183,4605 Chestnut Way,Louisville,KY,40298,2026-09-27,6:00 PM,1,0,Friend or family,Student ministry
Joshua,Mitchell,joshua.mitchell52@example.org,270-555-0148,3116 Oak Ave,Louisville,KY,40241,2026-09-13,10:30 AM,1,0,Social media,Kids ministry
Isaac,Baker,isaac.baker86@example.net,,7912 Hickory Dr,Jeffersonville,IN,47140,2026-09-06,9:00 AM,2,0,,Membership
Noah,Campbell,noah.campbell91@example.com,270-555-0103,9144 Willow Ln,Jeffersonville,IN,47159,2026-09-20,9:00 AM,2,3,Social media,Baptism
David,Young,david.young49@example.com,812-555-0165,7829 Magnolia Way,Jeffersonville,IN,47117,2026-09-13,6:00 PM,1,0,,
Kimberly,Walker,kimberly.walker65@example.org,812-555-0162,7267 Elm Way,Jeffersonville,IN,47179,2026-09-13,10:30 AM,1,0,Website,
Patricia,Martinez,patricia.martinez40@example.com,270-555-0118,9807 Birch Ln,St. Matthews,KY,40297,2026-09-20,9:00 AM,2,3,,Kids ministry
Matthew,Nelson,matthew.nelson97@example.net,270-555-0114,1752 Magnolia Ave,Jeffersonville,IN,47144,2026-09-13,6:00 PM,2,1,Drove by,
Andre,Lee,andre.lee7@example.com,502-555-0191,7268 Birch Ave,Louisville,KY,40235,2026-09-13,6:00 PM,2,0,Drove by,Small groups
Anthony,Brown,anthony.brown13@example.org,502-555-0198,2514 Poplar Dr,Jeffersonville,IN,47129,2026-09-06,9:00 AM,2,0,Social media,Membership
Andrew,Scott,andrew.scott76@example.net,,5960 Chestnut Ct,St. Matthews,KY,40243,2026-09-13,6:00 PM,1,2,Social media,
Karen,Martinez,karen.martinez68@example.com,502-555-0197,5505 Walnut Ave,Jeffersonville,IN,47191,2026-09-20,10:30 AM,2,0,Other,
Sofia,Rodriguez,sofia.rodriguez83@example.org,812-555-0148,127 Willow Dr,Jeffersontown,KY,40226,2026-09-06,9:00 AM,2,0,Online search,
Omar,Clark,omar.clark62@example.org,812-555-0155,4416 Hickory Ct,Louisville,KY,40239,2026-09-27,9:00 AM,1,0,Website,
Ethan,Thompson,ethan.thompson42@example.org,,833 Magnolia Ave,Louisville,KY,40246,2026-09-13,10:30 AM,2,0,Event,
Wei,Williams,wei.williams1@example.net,,7476 Poplar Ln,New Albany,IN,47112,2026-09-20,9:00 AM,1,0,Event,
Thomas,Reyes,thomas.reyes39@example.org,859-555-0120,7379 Walnut Ln,New Albany,IN,47143,2026-09-13,10:30 AM,2,1,Friend or family,Membership
Mark,Rodriguez,mark.rodriguez60@example.com,812-555-0152,6645 Hickory Dr,New Albany,IN,47156,2026-09-27,6:00 PM,1,3,,
Sofia,Hernandez,SOFIA.HERNANDEZ49@EXAMPLE.NET,812-555-0144,760 Birch St,Jeffersonville,IN,47153,2026-09-13,9:00 AM,2,1,Other,Baptism
Brian,Smith,brian.smith78@example.com,812-555-0100,7514 Hickory Ct,Jeffersonville,IN,47168,2026-09-20,9:00 AM,1,3,,
Michael,Lopez,michael.lopez52@example.org,812-555-0146,2160 Chestnut Ln,Jeffersontown,KY,40256,2026-09-20,10:30 AM,1,2,Drove by,Serving
Joseph,Thomas,joseph.thomas45@example.com,502-555-0169,7213 Birch Dr,Jeffersonville,IN,47128,2026-09-13,6:00 PM,2,1,Drove by,
Steven,Hernandez,steven.hernandez17@example.net,812-555-0170,3124 Chestnut Ln,St. Matthews,KY,40248,2026-09-13,6:00 PM,1,2,,Membership
Sarah,Adams,sarah.adams71@example.net,859-555-0182,2305 Walnut Ct,Jeffersontown,KY,40250,2026-09-20,10:30 AM,2,0,Drove by,
Omar,Smith,omar.smith91@example.com,502-555-0118,124 Pine Dr,St. Matthews,KY,40223,2026-09-06,10:30 AM,2,1,Social media,Small groups
Hannah,Harris,hannah.harris19@example.org,502-555-0148,5853 Maple St,Louisville,KY,40270,2026-09-27,9:00 AM,2,3,Drove by,Membership
Melissa,Campbell,melissa.campbell34@example.com,859-555-0195,197 Poplar Dr,St. Matthews,KY,40284,2026-09-13,6:00 PM,1,0,Other,Baptism
Jessica,Hall,jessica.hall11@example.org,859-555-0141,6699 Birch Dr,Louisville,KY,40275,2026-09-27,9:00 AM,2,0,Other,Student ministry
Naomi,Harris,naomi.harris29@example.com,270-555-0165,825 Magnolia Ln,Jeffersontown,KY,40232,2026-09-13,10:30 AM,2,3,Event,Membership
Patricia,King,patricia.king5@example.org,270-555-0121,8360 Elm Dr,St. Matthews,KY,40264,2026-09-13,10:30 AM,2,3,Other,Membership
David,Scott,david.scott98@example.org,812-555-0154,2833 Walnut Way,Jeffersonville,IN,47115,2026-09-06,9:00 AM,1,0,,
Ethan,Miller,ethan.miller87@example.com,859-555-0117,3917 Magnolia Dr,Louisville,KY,40230,2026-09-06,9:00 AM,2,2,Event,
John,Rivera,john.rivera25@example.net,859-555-0112,8914 Oak Dr,Jeffersonville,IN,47113,2026-09-13,9:00 AM,1,0,Event,Baptism
Elizabeth,Scott,,859-555-0127,242 Birch Dr,Jeffersontown,KY,40281,2026-09-20,6:00 PM,2,0,Website,Kids ministry
Linda,Okafor,linda.okafor3@example.org,502-555-0190,7302 Pine Ln,St. Matthews,KY,40296,2026-09-20,9:00 AM,2,1,Website,Baptism
Steven,Kim,steven.kim25@example.org,812-555-0133,6199 Maple Way,Jeffersonville,IN,47125,2026-09-27,6:00 PM,2,3,Online search,Kids ministry
Thomas,Williams,,812-555-0112,5171 Birch Ln,New Albany,IN,47144,2026-09-20,6:00 PM,1,0,Event,Student ministry
Joseph,Jackson,joseph.jackson51@example.net,270-555-0124,1141 Willow Dr,Jeffersonville,IN,47143,2026-09-27,10:30 AM,2,2,Drove by,
Sofia,Harris,sofia.harris6@example.net,270-555-0130,4846 Walnut Ct,Jeffersontown,KY,40246,2026-09-20,10:30 AM,1,2,,
Barbara,Davis,barbara.davis3@example.net,812-555-0109,5329 Elm Dr,St. Matthews,KY,40262,2026-09-27,6:00 PM,2,0,Social media,Serving
Brian,Patel,,812-555-0129,938 Birch Ave,Jeffersonville,IN,47149,2026-09-13,9:00 AM,2,0,Event,
Thomas,Rodriguez,thomas.rodriguez24@example.com,502-555-0107,6976 Oak Ct,New Albany,IN,47198,2026-09-27,10:30 AM,1,2,Friend or family,
Linda,Robinson,linda.robinson77@example.net,859-555-0177,8840 Oak Ct,Louisville,KY,40290,2026-09-13,9:00 AM,1,0,Social media,
Matthew,Brown,matthew.brown72@example.net,502-555-0178,9858 Maple Ct,New Albany,IN,47134,2026-09-20,10:30 AM,2,0,Friend or family,Serving
Betty,Thompson,betty.thompson70@example.org,812-555-0117,5817 Elm Ct,Louisville,KY,40269,2026-09-20,10:30 AM,2,0,Online search,
Anthony,Roberts,anthony.roberts2@example.org,859-555-0168,4111 Cedar Ln,Jeffersonville,IN,47149,2026-09-13,10:30 AM,2,1,Other,Serving
Rachel,Reyes,rachel.reyes93@example.com,859-555-0152,1589 Willow Ct,New Albany,IN,47110,2026-09-27,6:00 PM,2,3,,Membership
Susan,Campbell,susan.campbell88@example.org,502-555-0145,2110 Maple St,New Albany,IN,47164,2026-09-13,9:00 AM,2,0,Event,Baptism
Matthew,Jones,matthew.jones32@example.com,,8748 Walnut Ct,St. Matthews,KY,40259,2026-09-20,6:00 PM,2,1,,Kids ministry
Karen,Davis,karen.davis60@example.net,812-555-0116,7469 Oak Ct,New Albany,IN,47165,2026-09-13,9:00 AM,2,0,Website,Student ministry
Brian,Walker,,859-555-0164,2217 Walnut Dr,Jeffersontown,KY,40272,2026-09-13,10:30 AM,1,0,Social media,Membership
Caleb,Rivera,caleb.rivera43@example.org,812-555-0185,9125 Hickory Ct,Jeffersonville,IN,47177,2026-09-27,6:00 PM,1,0,Other,Student ministry
Barbara,Young,barbara.young32@example.org,270-555-0122,261 Hickory Ct,St. Matthews,KY,40299,2026-09-27,10:30 AM,1,1,Social media,Kids ministry
Robert,Anderson,robert.anderson94@example.org,,481 Maple Way,Jeffersonville,IN,47123,2026-09-06,6:00 PM,2,2,Drove by,Membership
Richard,Hall,richard.hall71@example.net,502-555-0100,7980 Maple Way,Jeffersontown,KY,40242,2026-09-06,10:30 AM,2,3,Online search,
Priya,Reyes,priya.reyes75@example.com,502-555-0140,489 Walnut Ln,St. Matthews,KY,40247,2026-09-06,10:30 AM,2,3,Event,Small groups
David,Lewis,david.lewis47@example.net,,6638 Pine Ct,New Albany,IN,47119,2026-09-06,9:00 AM,2,0,Social media,Kids ministry
Rachel,Campbell,rachel.campbell8@example.org,812-555-0198,5764 Cedar Ln,Louisville,KY,40285,2026-09-20,9:00 AM,2,2,Online search,Serving
David,Walker,david.walker74@example.net,812-555-0191,2401 Poplar Ln,Jeffersontown,KY,40238,2026-09-27,9:00 AM,2,3,Other,Small groups
Charles,Garcia,charles.garcia40@example.com,270-555-0102,1724 Magnolia Ct,Jeffersontown,KY,40292,2026-09-20,9:00 AM,1,1,Friend or family,Small groups
Naomi,Robinson,naomi.robinson48@example.com,859-555-0171,7758 Poplar Way,Louisville,KY,40280,2026-09-27,6:00 PM,1,0,,Kids ministry
Rachel,Mitchell,,,183 Pine Ct,Jeffersonville,IN,47183,2026-09-06,9:00 AM,1,0,Drove by,Baptism
Sandra,Young,sandra.young64@example.com,,9358 Chestnut Ct,St. Matthews,KY,40231,2026-09-27,9:00 AM,1,2,Website,Kids ministry
Betty,Nguyen,betty.nguyen17@example.org,859-555-0146,9407 Cedar Ln,Jeffersontown,KY,40240,2026-09-06,10:30 AM,2,0,Social media,Membership
Ethan,Lewis,ethan.lewis45@example.org,812-555-0143,1212 Chestnut Dr,Jeffersontown,KY,40242,2026-09-20,10:30 AM,2,3,Event,
Luis,Campbell,luis.campbell60@example.net,859-555-0163,241 Walnut Dr,Louisville,KY,40285,2026-09-06,10:30 AM,2,0,Friend or family,
Charles,Reyes,charles.reyes97@example.net,502-555-0139,3669 Magnolia Dr,Louisville,KY,40211,2026-09-27,9:00 AM,1,1,Website,Baptism
Jennifer,Smith,,502-555-0184,722 Cedar Ave,Jeffersontown,KY,40250,2026-09-20,9:00 AM,2,3,Social media,Membership
Matthew,Baker,matthew.baker37@example.com,270-555-0162,570 Willow Ln,Jeffersontown,KY,40251,2026-09-06,6:00 PM,2,2,Website,Kids ministry
Matthew,Lee,matthew.lee48@example.org,812-555-0184,6638 Pine Ct,New Albany,IN,47186,2026-09-20,9:00 AM,1,1,Website,Baptism
Isaac,Brown,isaac.brown89@example.com,270-555-0171,4041 Maple Way,St. Matthews,KY,40292,2026-09-20,10:30 AM,2,3,Online search,
Lisa,Allen,lisa.allen23@example.com,859-555-0104,9622 Oak Way,Louisville,KY,40212,2026-09-27,9:00 AM,1,1,Online search,
Lisa,Johnson,lisa.johnson82@example.net,270-555-0112,7423 Elm Ln,St. Matthews,KY,40294,2026-09-06,6:00 PM,2,3,Online search,Serving
Thomas,Jones,thomas.jones47@example.org,812-555-0145,3337 Willow Dr,St. Matthews,KY,40255,2026-09-27,10:30 AM,2,1,Drove by,Membership
Wei,Jones,wei.jones57@example.com,270-555-0104,6118 Birch Ln,Jeffersonville,IN,47115,2026-09-27,6:00 PM,2,1,Social media,Serving
Amanda,Clark,amanda.clark65@example.org,270-555-0132,7193 Cedar Ave,Jeffersontown,KY,40250,2026-09-13,9:00 AM,2,1,Drove by,Membership
Ashley,Clark,ashley.clark63@example.net,859-555-0154,7313 Poplar Ct,St. Matthews,KY,40214,2026-09-06,9:00 AM,1,3,Event,
Michael,Jones,michael.jones6@example.com,859-555-0153,6334 Elm Dr,St. Matthews,KY,40217,2026-09-27,9:00 AM,2,0,Social media,
Susan,Lopez,susan.lopez62@example.net,270-555-0151,4247 Chestnut Ln,Louisville,KY,40275,2026-09-13,9:00 AM,1,3,,Serving
Leah,Harris,leah.harris98@example.net,,7208 Pine Dr,Louisville,KY,40294,2026-09-27,10:30 AM,2,0,Website,Student ministry
Wei,Campbell,wei.campbell81@example.net,270-555-0144,8469 Magnolia Ct,Jeffersontown,KY,40230,2026-09-20,6:00 PM,1,3,Other,Serving
Amanda,Martin,amanda.martin77@example.net,812-555-0118,4800 Oak Ct,New Albany,IN,47157,2026-09-27,10:30 AM,2,0,Social media,Membership
Naomi,Rivera,naomi.rivera94@example.org,502-555-0194,3232 Elm Ct,Jeffersonville,IN,47132,2026-09-06,6:00 PM,1,0,Online search,Membership
Ethan,Hill,ethan.hill29@example.net,859-555-0184,1839 Pine Ave,New Albany,IN,47193,2026-09-13,9:00 AM,1,2,Online search,Kids ministry
Sofia,Hernandez,sofia.hernandez49@example.net,812-555-0144,760 Birch St,Jeffersonville,IN,47153,2026-09-20,9:00 AM,2,1,Other,Baptism
Grace,Lee,grace.lee93@example.net,502-555-0175,209 Elm Ave,Jeffersonville,IN,47193,2026-09-13,6:00 PM,1,2,Event,Kids ministry
Hannah,Torres,hannah.torres53@example.org,270-555-0189,5697 Willow Ct,Jeffersonville,IN,47194,2026-09-27,9:00 AM,1,2,Friend or family,Student ministry
Grace,Nelson,grace.nelson15@example.com,502-555-0196,9836 Oak Ave,Louisville,KY,40252,2026-09-20,10:30 AM,2,0,,Membership
Hannah,Harris,hannah.harris19@example.org,502-555-0148,5853 Maple St,Louisville,KY,40270,2026-09-27,9:00 AM,2,3,Drove by,Membership
Karen,Thompson,karen.thompson13@example.org,270-555-0135,855 Willow Dr,New Albany,IN,47127,2026-09-20,10:30 AM,2,0,Online search,Kids ministry
Amanda,Garcia,amanda.garcia48@example.com,,1979 Pine Dr,St. Matthews,KY,40298,2026-09-27,10:30 AM,1,0,Event,Kids ministry
Priya,Lee,priya.lee75@example.net,502-555-0108,7313 Elm Ln,Jeffersontown,KY,40259,2026-09-20,6:00 PM,2,0,Other,
Matthew,Flores,matthew.flores54@example.net,812-555-0169,4796 Willow Way,St. Matthews,KY,40260,2026-09-06,6:00 PM,2,0,Online search,
Amanda,Clark,,270-555-0132,7193 Cedar Avenue,Jeffersontown,KY,40250,2026-09-13,9:00 AM,2,1,Drove by,Membership
Amanda,Kim,,812-555-0173,8988 Magnolia Dr,Jeffersonville,IN,47134,2026-09-13,9:00 AM,1,0,,Kids ministry
Emily,Williams,emily.williams10@example.org,812-555-0104,5741 Maple Dr,Louisville,KY,40272,2026-09-13,10:30 AM,1,0,Online search,Serving
Sandra,Baker,sandra.baker46@example.net,,7805 Chestnut Dr,St. Matthews,KY,40249,2026-09-13,9:00 AM,1,3,Online search,
Daniel,Wright,daniel.wright7@example.net,502-555-0185,6618 Walnut Ave,St. Matthews,KY,40225,2026-09-13,9:00 AM,2,2,Other,Serving
Noah,Clark,noah.clark3@example.com,,6029 Cedar Dr,Jeffersonville,IN,47118,2026-09-06,10:30 AM,1,2,,Student ministry
Isaac,Rodriguez,isaac.rodriguez88@example.org,270-555-0138,3105 Willow Ct,Jeffersontown,KY,40217,2026-09-13,9:00 AM,1,0,Website,Student ministry
James,Hall,james.hall36@example.org,270-555-0188,2490 Oak Way,Jeffersonville,IN,47156,2026-09-06,6:00 PM,1,0,Drove by,
Patricia,Garcia,patricia.garcia46@example.net,859-555-0110,1352 Willow Ct,Louisville,KY,40210,2026-09-20,9:00 AM,2,3,Online search,Small groups
Jessica,Adams,jessica.adams78@example.com,270-555-0187,2831 Elm Ln,Jeffersontown,KY,40232,2026-09-20,10:30 AM,1,0,Event,
Mark,Nelson,mark.nelson80@example.com,812-555-0166,9461 Poplar Ln,St. Matthews,KY,40219,2026-09-13,6:00 PM,2,0,,Kids ministry
Michelle,Adams,michelle.adams36@example.net,859-555-0162,1317 Pine St,St. Matthews,KY,40257,2026-09-20,9:00 AM,1,2,,Student ministry
Richard,Lee,richard.lee71@example.com,859-555-0126,1216 Elm St,Louisville,KY,40220,2026-09-20,10:30 AM,2,0,Other,Membership
Betty,Allen,betty.allen2@example.com,859-555-0155,281 Cedar Ave,Jeffersontown,KY,40261,2026-09-27,9:00 AM,1,0,,Membership
Nancy,Rivera,nancy.rivera31@example.net,270-555-0143,1115 Maple Ln,Jeffersontown,KY,40274,2026-09-27,10:30 AM,2,0,Website,Small groups
Melissa,Allen,melissa.allen14@example.com,859-555-0185,3975 Willow Way,St. Matthews,KY,40297,2026-09-06,9:00 AM,1,0,Friend or family,Baptism
Marcus,Reyes,marcus.reyes78@example.com,812-555-0147,3979 Oak Dr,Jeffersontown,KY,40279,2026-09-13,9:00 AM,2,3,Event,Membership
Joseph,Kim,joseph.kim80@example.com,859-555-0172,4264 Willow Dr,New Albany,IN,47123,2026-09-13,9:00 AM,1,0,Website,
Kimberly,Carter,kimberly.carter82@example.net,812-555-0139,4708 Maple Ln,St. Matthews,KY,40297,2026-09-06,9:00 AM,1,0,Friend or family,Membership
Caleb,Mitchell,caleb.mitchell60@example.net,502-555-0160,1801 Elm Ln,New Albany,IN,47124,2026-09-13,6:00 PM,2,2,Website,Baptism
David,Carter,david.carter15@example.com,812-555-0136,5235 Poplar Ct,Jeffersonville,IN,47156,2026-09-27,10:30 AM,1,1,Online search,Baptism
Jessica,Hill,jessica.hill46@example.com,812-555-0171,2451 Walnut Ln,Jeffersontown,KY,40293,2026-09-27,10:30 AM,1,2,Other,
William,Rivera,william.rivera9@example.net,502-555-0135,8394 Poplar Ln,New Albany,IN,47116,2026-09-13,6:00 PM,2,1,Drove by,
Patricia,Wilson,patricia.wilson20@example.com,812-555-0125,3698 Oak Ct,New Albany,IN,47174,2026-09-06,10:30 AM,2,0,Drove by,Small groups
Joseph,Clark,joseph.clark83@example.net,270-555-0117,3738 Poplar St,New Albany,IN,47148,2026-09-06,10:30 AM,2,0,,Student ministry
William,Thompson,william.thompson18@example.org,859-555-0181,9261 Hickory Ln,St. Matthews,KY,40279,2026-09-20,10:30 AM,1,0,Website,Serving
Priya,Young,priya.young29@example.com,502-555-0147,6703 Walnut Way,Jeffersonville,IN,47147,2026-09-20,9:00 AM,2,2,Social media,
Jennifer,Patel,jennifer.patel15@example.com,502-555-0189,4651 Elm Dr,St. Matthews,KY,40240,2026-09-20,10:30 AM,2,3,Other,Kids ministry
Leah,Scott,leah.scott19@example.com,812-555-0194,6434 Hickory Dr,Jeffersontown,KY,40227,2026-09-20,6:00 PM,2,2,Social media,
Ethan,King,ethan.king20@example.net,859-555-0158,639 Hickory Ct,New Albany,IN,47126,2026-09-20,10:30 AM,1,0,Event,Kids ministry
Richard,Clark,richard.clark62@example.org,270-555-0185,3012 Birch Ave,New Albany,IN,47186,2026-09-13,10:30 AM,1,0,,Student ministry
Brian,Young,brian.young18@example.net,859-555-0148,5180 Willow Ln,Jeffersontown,KY,40278,2026-09-27,9:00 AM,1,0,Event,
Brian,Lopez,brian.lopez9@example.com,859-555-0101,5978 Walnut Ct,Jeffersonville,IN,47115,2026-09-20,10:30 AM,1,1,Website,
Michael,Brown,michael.brown61@example.org,270-555-0159,7161 Walnut Ave,Jeffersontown,KY,40269,2026-09-31,6:00 PM,1,2,Website,
Daniel,Wright,,+1.502.555.0185,6618 Walnut Ave,St. Matthews,KY,40225,2026-09-27,9:00 AM,2,2,Other,Serving
David,Roberts,david.roberts47@example.org,859-555-0111,4582 Chestnut Ave,Louisville,KY,40214,2026-09-13,9:00 AM,2,0,Event,Small groups
Linda,Reyes,linda.reyes92@example.org,859-555-0193,7105 Pine Ave,Jeffersonville,IN,47180,2026-09-20,10:30 AM,2,1,,Kids ministry
Sofia,Williams,sofia.williams83@example.org,812-555-0107,4647 Magnolia Ln,St. Matthews,KY,40244,2026-09-06,9:00 AM,2,0,Website,Small groups
Brian,Martin,brian.martin64@example.com,859-555-0145,2105 Willow Ln,Louisville,KY,40231,2026-09-20,9:00 AM,2,0,Website,
Mary,Jackson,mary.jackson66@example.org,812-555-0175,591 Maple Way,Jeffersonville,IN,47156,2026-09-27,9:00 AM,2,1,Friend or family,Small groups
Noah,Reyes,noah.reyes50@example.org,812-555-0135,8020 Magnolia Ave,St. Matthews,KY,40236,2026-09-13,10:30 AM,2,0,Other,Kids ministry
Grace,Hall,grace.hall73@example.com,812-555-0181,7026 Chestnut Ct,Jeffersonville,IN,47175,2026-09-13,6:00 PM,2,2,,Baptism
Rachel,Wilson,rachel.wilson20@example.com,502-555-0137,3280 Willow Ln,Louisville,KY,40217,2026-09-27,10:30 AM,1,2,Online search,
Andre,Allen,andre.allen14@example.org,270-555-0108,9150 Chestnut Dr,Jeffersontown,KY,40261,2026-09-20,9:00 AM,2,0,Website,Kids ministry
Isaac,Young,isaac.young35@example.com,859-555-0194,6342 Maple Ln,Jeffersonville,IN,47186,2026-09-13,9:00 AM,2,0,Other,Student ministry
Joshua,Kim,joshua.kim1@example.com,502-555-0172,812 Maple Way,Louisville,KY,40265,2026-09-20,9:00 AM,1,0,Friend or family,Small groups
Michelle,Green,michelle.green17@example.com,859-555-0138,8485 Maple Ln,St. Matthews,KY,40285,2026-09-27,6:00 PM,2,0,Website,Serving
Joshua,Hill,joshua.hill65@example.net,812-555-0151,126 Poplar Ct,Jeffersonville,IN,47199,2026-09-27,6:00 PM,1,0,Website,
Barbara,Patel,barbara.patel27@example.org,859-555-0107,4567 Willow Ave,Jeffersontown,KY,40221,2026-09-13,9:00 AM,2,3,,Kids ministry
Nancy,Harris,nancy.harris36@example.net,270-555-0190,7015 Walnut Dr,St. Matthews,KY,40273,2026-09-20,10:30 AM,2,0,Other,Baptism
Sarah,Wilson,sarah.wilson10@example.com,812-555-0179,1913 Willow Ct,Jeffersontown,KY,40267,2026-09-13,9:00 AM,2,0,Social media,Membership
John,Harris,john.harris34@example.org,859-555-0122,3100 Elm Ct,St. Matthews,KY,40290,2026-09-20,10:30 AM,2,0,Other,Student ministry
James,Martinez,james.martinez42@example.com,859-555-0131,261 Hickory St,Jeffersontown,KY,40296,2026-09-20,6:00 PM,2,2,,Student ministry
Karen,Okafor,karen.okafor89@example.org,812-555-0130,6484 Pine Way,New Albany,IN,47169,2026-09-27,6:00 PM,1,1,,Student ministry
Charles,Wright,charles.wright22@example.org,812-555-0192,472 Hickory St,Louisville,KY,40213,2026-09-20,9:00 AM,2,3,Website,Membership
Joshua,Rodriguez,joshua.rodriguez35@example.org,502-555-0167,8192 Birch Ln,Louisville,KY,40270,2026-09-27,9:00 AM,2,0,Social media,
Barbara,Lopez,barbara.lopez76@example.net,812-555-0153,8529 Magnolia Dr,Jeffersonville,IN,47194,2026-09-20,10:30 AM,1,0,Drove by,Small groups
Michelle,Anderson,michelle.anderson98@example.org,270-555-0116,2537 Cedar Ln,Louisville,KY,40282,2026-09-06,10:30 AM,2,1,Drove by,Serving
melissa,allen,melissa.allen14@example.com,859-555-0185,3975 Willow Way,St. Matthews,KY,40297,2026-09-20,9:00 AM,1,0,Friend or family,Baptism
Grace,Moore,grace.moore70@example.net,812-555-0131,382 Hickory Ave,Jeffersontown,KY,40253,2026-09-06,9:00 AM,2,0,Other,Student ministry
James,Reyes,james.reyes83@example.org,859-555-0113,5959 Poplar Ave,Jeffersonville,IN,47167,2026-09-20,6:00 PM,2,3,Online search,
Anthony,Scott,anthony.scott70@example.org,859-555-0173,8797 Chestnut St,Jeffersontown,KY,40267,2026-09-20,10:30 AM,2,3,Drove by,Serving
Emily,Adams,emily.adams92@example.org,859-555-0100,6491 Pine Dr,Jeffersonville,IN,47174,2026-09-20,10:30 AM,1,0,Online search,Membership
Andre,Green,andre.green97@example.net,502-555-0143,9313 Cedar Ct,New Albany,IN,47146,2026-09-27,10:30 AM,2,1,Other,Membership
Luis,Taylor,luis.taylor53@example.org,270-555-0120,584 Maple St,New Albany,IN,47165,2026-09-27,10:30 AM,2,1,Website,Baptism
Naomi,Hall,naomi.hall80@example.com,270-555-0150,5874 Willow Ln,Louisville,KY,40269,2026-09-27,6:00 PM,1,0,Drove by,
Wei,Taylor,wei.taylor89@example.com,859-555-0128,5618 Pine Way,Jeffersontown,KY,40294,2026-09-06,9:00 AM,2,0,,Student ministry
Noah,Williams,noah.williams12@example.net,270-555-0191,5280 Birch Way,St. Matthews,KY,40212,2026-09-13,9:00 AM,2,2,Other,Baptism
Rachel,Adams,rachel.adams80@example.net,859-555-0161,2408 Walnut Ct,St. Matthews,KY,40295,2026-09-27,9:00 AM,2,0,Website,Membership
Ashley,Okafor,ashley.okafor38@example.org,270-555-0160,6304 Birch Ave,Jeffersontown,KY,40257,2026-09-13,9:00 AM,2,1,Event,Serving
Anthony,Allen,anthony.allen84@example.net,502-555-0188,6923 Willow Way,Jeffersonville,IN,47171,2026-09-20,10:30 AM,1,0,Online search,
Grace,Martin,grace.martin89@example.net,859-555-0136,3507 Pine Ct,Jeffersonville,IN,47146,2026-09-06,6:00 PM,1,1,Social media,Kids ministry
Kevin,Hernandez,kevin.hernandez77@example.net,502-555-0158,7757 Cedar Ave,Jeffersonville,IN,47196,2026-09-20,10:30 AM,2,0,,Student ministry
Leah,Baker,leah.baker39@example.com,859-555-0149,9648 Pine St,St. Matthews,KY,40255,2026-09-13,9:00 AM,1,0,Social media,Small groups
Leah,Jones,leah.jones41@example.com,270-555-0180,3828 Pine Ln,Louisville,KY,40255,2026-09-13,6:00 PM,1,0,Website,Kids ministry
John,Roberts,john.roberts52@example.org,502-555-0102,5788 Hickory St,New Albany,IN,47120,2026-09-27,6:00 PM,1,0,Friend or family,
Karen,Hall,karen.hall40@example.net,812-555-0126,3881 Chestnut Dr,New Albany,IN,47114,2026-09-20,10:30 AM,2,0,Other,Baptism
Donna,Davis,donna.davis33@example.com,502-555-0181,8571 Cedar Ave,Louisville,KY,40221,2026-09-27,10:30 AM,2,0,Friend or family,Serving
Sandra,Clark,sandra.clark98@example.com,812-555-0114,5911 Maple Ct,Louisville,KY,40216,2026-09-13,10:30 AM,1,2,Friend or family,
Matthew,Harris,matthew.harris38@example.org,502-555-0119,9459 Maple Ct,Jeffersontown,KY,40222,2026-09-06,9:00 AM,1,1,Website,Small groups
Thomas,Scott,thomas.scott89@example.com,812-555-0158,5217 Walnut Ln,Jeffersonville,IN,47112,2026-09-20,9:00 AM,2,0,Website,Small groups
Rachel,Hill,rachel.hill67@example.net,812-555-0132,8624 Cedar Way,Jeffersonville,IN,47189,2026-09-20,9:00 AM,2,2,Social media,
Sandra,Miller,sandra.miller5@example.org,270-555-0101,5283 Magnolia Dr,Jeffersontown,KY,40236,2026-09-06,10:30 AM,2,1,Online search,Membership
William,Thompson,,(859) 555-0181,9261 Hickory Ln,St. Matthews,KY,40279,2026-09-20,10:30 AM,1,0,Website,Serving
Charles,Jones,charles.jones50@example.net,502-555-0170,6407 Walnut Ln,New Albany,IN,47130,2026-09-13,9:00 AM,1,3,Other,Serving
Ashley,Davis,,859-555-0191,1215 Poplar Ln,St. Matthews,KY,40276,2026-09-27,6:00 PM,2,2,Friend or family,
Sarah,White,sarah.white62@example.org,270-555-0140,5202 Hickory Dr,Jeffersonville,IN,47143,2026-09-20,9:00 AM,2,0,Other,Baptism
Donna,Patel,donna.patel74@example.net,,3573 Chestnut Ln,New Albany,IN,47112,2026-09-06,6:00 PM,1,1,,Membership
Steven,Clark,steven.clark38@example.org,270-555-0158,5167 Chestnut Ln,Jeffersontown,KY,40212,2026-09-13,10:30 AM,2,1,Drove by,
Charles,Martinez,charles.martinez50@example.org,859-555-0139,973 Hickory Ave,Jeffersontown,KY,40222,2026-09-06,9:00 AM,2,0,Friend or family,Membership
Mark,King,mark.king90@example.net,502-555-0195,3221 Hickory Ct,Jeffersonville,IN,47174,2026-09-27,9:00 AM,2,0,Online search,Kids ministry
Karen,King,,502-555-0131,8101 Oak St,Louisville,KY,40281,2026-09-20,6:00 PM,1,0,Event,Kids ministry
David,Garcia,david.garcia59@example.net,812-555-0157,2958 Elm Ave,St. Matthews,KY,40280,2026-09-27,6:00 PM,1,1,Drove by,Kids ministry
James,Nelson,james.nelson59@example.org,859-555-0159,8473 Poplar St,Jeffersonville,IN,47192,2026-09-27,6:00 PM,1,1,Drove by,Serving
Sarah,Roberts,sarah.roberts39@example.com,859-555-0130,6415 Elm Ln,New Albany,IN,47153,2026-09-27,6:00 PM,1,0,Friend or family,Serving
Rachel,King,rachel.king52@example.net,502-555-0112,3625 Poplar Ave,Jeffersontown,KY,40214,2026-09-13,9:00 AM,2,2,Drove by,
Andre,Hill,andre.hill75@example.com,270-555-0197,1424 Birch Ave,St. Matthews,KY,40257,2026-09-13,6:00 PM,2,0,Online search,Membership
Andre,Baker,andre.baker7@example.com,502-555-0176,7439 Pine St,New Albany,IN,47138,2026-09-20,10:30 AM,1,0,Friend or family,Kids ministry
Patricia,Hill,patricia.hill51@example.net,859-555-0142,2365 Walnut Ave,Jeffersonville,IN,47195,2026-09-27,10:30 AM,2,2,Online search,Kids ministry
